{"pt_dante-ud-test_acc": 0.9793525363242417, "pt_dante-ud-test_f1_macro": 0.9016962957061205, "pt_dante-ud-test_f1_weighted": 0.9016962957061205}