{"pt_petrogold-ud-test_acc": 0.9885903570114096, "pt_petrogold-ud-test_f1_macro": 0.9765961695619105, "pt_petrogold-ud-test_f1_weighted": 0.9765961695619105}