{"pt_porttinari-ud-test_acc": 0.9898652676761655, "pt_porttinari-ud-test_f1_macro": 0.9619053569021578, "pt_porttinari-ud-test_f1_weighted": 0.9619053569021578}