{"pt_dante-ud-test_acc": 0.8540657659954117, "pt_dante-ud-test_f1_macro": 0.7506160388595291, "pt_dante-ud-test_f1_weighted": 0.7506160388595291}