{"pt_dante-ud-test_acc": 0.8578893703798114, "pt_dante-ud-test_f1_macro": 0.7605622334492343, "pt_dante-ud-test_f1_weighted": 0.7605622334492343}