{"pt_petrogold-ud-test_acc": 0.9884063305115937, "pt_petrogold-ud-test_f1_macro": 0.9694151310951771, "pt_petrogold-ud-test_f1_weighted": 0.9694151310951771}