{"pt_porttinari-ud-test_acc": 0.9896566114224394, "pt_porttinari-ud-test_f1_macro": 0.9686748735484987, "pt_porttinari-ud-test_f1_weighted": 0.9686748735484987}