{"pt_dante-ud-test_acc": 0.850879429008412, "pt_dante-ud-test_f1_macro": 0.7462655004345478, "pt_dante-ud-test_f1_weighted": 0.7462655004345478}