{"pt_porttinari-ud-test_acc": 0.9897460355311792, "pt_porttinari-ud-test_f1_macro": 0.9660094328494453, "pt_porttinari-ud-test_f1_weighted": 0.9660094328494453}