{"pt_dante-ud-test_acc": 0.9773132806525618, "pt_dante-ud-test_f1_macro": 0.9000689866048153, "pt_dante-ud-test_f1_weighted": 0.9000689866048153}