{"pt_petrogold-ud-test_acc": 0.965679057784321, "pt_petrogold-ud-test_f1_macro": 0.8859855473458516, "pt_petrogold-ud-test_f1_weighted": 0.8859855473458516}