{"pt_porttinari-ud-test_acc": 0.9904316203648503, "pt_porttinari-ud-test_f1_macro": 0.9633426781846541, "pt_porttinari-ud-test_f1_weighted": 0.9633426781846541}