{"pt_dante-ud-test_acc": 0.8716543461636502, "pt_dante-ud-test_f1_macro": 0.7597390449982071, "pt_dante-ud-test_f1_weighted": 0.7597390449982071}