{"pt_petrogold-ud-test_acc": 0.9633787265366213, "pt_petrogold-ud-test_f1_macro": 0.89453556898629, "pt_petrogold-ud-test_f1_weighted": 0.89453556898629}