{"pt_porttinari-ud-test_acc": 0.9907595087635627, "pt_porttinari-ud-test_f1_macro": 0.9644743466734709, "pt_porttinari-ud-test_f1_weighted": 0.9644743466734709}