{"pt_dante-ud-test_acc": 0.9776956410910018, "pt_dante-ud-test_f1_macro": 0.9011967041804572, "pt_dante-ud-test_f1_weighted": 0.9011967041804572}