{"pt_porttinari-ud-test_acc": 0.9895969953499464, "pt_porttinari-ud-test_f1_macro": 0.9642522361231821, "pt_porttinari-ud-test_f1_weighted": 0.9642522361231821}