{"pt_dante-ud-test_acc": 0.8473744583227122, "pt_dante-ud-test_f1_macro": 0.7069465299867327, "pt_dante-ud-test_f1_weighted": 0.7069465299867327}