{"pt_petrogold-ud-test_acc": 0.9892344497607656, "pt_petrogold-ud-test_f1_macro": 0.9776905031858644, "pt_petrogold-ud-test_f1_weighted": 0.9776905031858644}