{"pt_porttinari-ud-test_acc": 0.9705198521521402, "pt_porttinari-ud-test_f1_macro": 0.8620125523432727, "pt_porttinari-ud-test_f1_weighted": 0.8620125523432727}