{"pt_dante-ud-test_acc": 0.8486489931175121, "pt_dante-ud-test_f1_macro": 0.751332159252601, "pt_dante-ud-test_f1_weighted": 0.751332159252601}