{"pt_petrogold-ud-test_acc": 0.9885903570114096, "pt_petrogold-ud-test_f1_macro": 0.9735658810991037, "pt_petrogold-ud-test_f1_weighted": 0.9735658810991037}