{"pt_porttinari-ud-test_acc": 0.9898354596399189, "pt_porttinari-ud-test_f1_macro": 0.9699005020913325, "pt_porttinari-ud-test_f1_weighted": 0.9699005020913325}