{"pt_dante-ud-test_acc": 0.850242161611012, "pt_dante-ud-test_f1_macro": 0.703561774323961, "pt_dante-ud-test_f1_weighted": 0.703561774323961}