{"pt_porttinari-ud-test_acc": 0.9688506021223322, "pt_porttinari-ud-test_f1_macro": 0.84952058335383, "pt_porttinari-ud-test_f1_weighted": 0.84952058335383}