{"pt_dante-ud-test_acc": 0.9810731582972215, "pt_dante-ud-test_f1_macro": 0.9605876476554528, "pt_dante-ud-test_f1_weighted": 0.9605876476554528}