{"pt_petrogold-ud-test_acc": 0.9529812292970188, "pt_petrogold-ud-test_f1_macro": 0.867080756230484, "pt_petrogold-ud-test_f1_weighted": 0.867080756230484}