{"pt_porttinari-ud-test_acc": 0.9669726958387982, "pt_porttinari-ud-test_f1_macro": 0.9041864314276703, "pt_porttinari-ud-test_f1_weighted": 0.9041864314276703}