{"pt_dante-ud-test_acc": 0.9804996176395615, "pt_dante-ud-test_f1_macro": 0.9612154664553448, "pt_dante-ud-test_f1_weighted": 0.9612154664553448}