{"pt_petrogold-ud-test_acc": 0.9884983437615017, "pt_petrogold-ud-test_f1_macro": 0.9650736361957098, "pt_petrogold-ud-test_f1_weighted": 0.9650736361957098}