{"pt_porttinari-ud-test_acc": 0.979730535352331, "pt_porttinari-ud-test_f1_macro": 0.9177525376875043, "pt_porttinari-ud-test_f1_weighted": 0.9177525376875043}