{"pt_dante-ud-test_acc": 0.9792250828447616, "pt_dante-ud-test_f1_macro": 0.9053913982551234, "pt_dante-ud-test_f1_weighted": 0.9053913982551234}