{"pt_porttinari-ud-test_acc": 0.9903123882198641, "pt_porttinari-ud-test_f1_macro": 0.9638441178308284, "pt_porttinari-ud-test_f1_weighted": 0.9638441178308284}