{"pt_porttinari-ud-test_acc": 0.9911172051985215, "pt_porttinari-ud-test_f1_macro": 0.9616641932158363, "pt_porttinari-ud-test_f1_weighted": 0.9616641932158363}