{"pt_petrogold-ud-test_acc": 0.9659550975340448, "pt_petrogold-ud-test_f1_macro": 0.8936422633088488, "pt_petrogold-ud-test_f1_weighted": 0.8936422633088488}