{"pt_dante-ud-test_acc": 0.8771985725210298, "pt_dante-ud-test_f1_macro": 0.7663146128734023, "pt_dante-ud-test_f1_weighted": 0.7663146128734023}