{"pt_porttinari-ud-test_acc": 0.9904912364373435, "pt_porttinari-ud-test_f1_macro": 0.9588067496205038, "pt_porttinari-ud-test_f1_weighted": 0.9588067496205038}