{"pt_petrogold-ud-test_acc": 0.9654030180345969, "pt_petrogold-ud-test_f1_macro": 0.89400456485665, "pt_petrogold-ud-test_f1_weighted": 0.89400456485665}