{"pt_petrogold-ud-test_acc": 0.9476444608023555, "pt_petrogold-ud-test_f1_macro": 0.8513692142574942, "pt_petrogold-ud-test_f1_weighted": 0.8513692142574942}