{"pt_porttinari-ud-test_acc": 0.9651245975915107, "pt_porttinari-ud-test_f1_macro": 0.9069900811968781, "pt_porttinari-ud-test_f1_weighted": 0.9069900811968781}