{"pt_dante-ud-test_acc": 0.8405556971705328, "pt_dante-ud-test_f1_macro": 0.6973912327746702, "pt_dante-ud-test_f1_weighted": 0.6973912327746702}