{"pt_petrogold-ud-test_acc": 0.9888663967611336, "pt_petrogold-ud-test_f1_macro": 0.9801895747286661, "pt_petrogold-ud-test_f1_weighted": 0.9801895747286661}