{"pt_porttinari-ud-test_acc": 0.9707583164421127, "pt_porttinari-ud-test_f1_macro": 0.8684085992980367, "pt_porttinari-ud-test_f1_weighted": 0.8684085992980367}