{"pt_dante-ud-test_acc": 0.9796711700229416, "pt_dante-ud-test_f1_macro": 0.9023794111881136, "pt_dante-ud-test_f1_weighted": 0.9023794111881136}