{"pt_porttinari-ud-test_acc": 0.9784487897937284, "pt_porttinari-ud-test_f1_macro": 0.9087174504249003, "pt_porttinari-ud-test_f1_weighted": 0.9087174504249003}