{"pt_petrogold-ud-test_acc": 0.9884983437615017, "pt_petrogold-ud-test_f1_macro": 0.9757701344758274, "pt_petrogold-ud-test_f1_weighted": 0.9757701344758274}