{"pt_porttinari-ud-test_acc": 0.9909085489447955, "pt_porttinari-ud-test_f1_macro": 0.9650960316457354, "pt_porttinari-ud-test_f1_weighted": 0.9650960316457354}