{"pt_petrogold-ud-test_acc": 0.9663231505336769, "pt_petrogold-ud-test_f1_macro": 0.8866184306214993, "pt_petrogold-ud-test_f1_weighted": 0.8866184306214993}