{"pt_dante-ud-test_acc": 0.8706347183278104, "pt_dante-ud-test_f1_macro": 0.7607052920538416, "pt_dante-ud-test_f1_weighted": 0.7607052920538416}