{"pt_porttinari-ud-test_acc": 0.9909681650172887, "pt_porttinari-ud-test_f1_macro": 0.963694642742269, "pt_porttinari-ud-test_f1_weighted": 0.963694642742269}