{"pt_dante-ud-test_acc": 0.8562324751465715, "pt_dante-ud-test_f1_macro": 0.7493516629269559, "pt_dante-ud-test_f1_weighted": 0.7493516629269559}