{"pt_petrogold-ud-test_acc": 0.9878542510121457, "pt_petrogold-ud-test_f1_macro": 0.9779072133393923, "pt_petrogold-ud-test_f1_weighted": 0.9779072133393923}