{"pt_dante-ud-test_acc": 0.8544481264338516, "pt_dante-ud-test_f1_macro": 0.7102176152183629, "pt_dante-ud-test_f1_weighted": 0.7102176152183629}