{"pt_porttinari-ud-test_acc": 0.9712650530583046, "pt_porttinari-ud-test_f1_macro": 0.8586117385048291, "pt_porttinari-ud-test_f1_weighted": 0.8586117385048291}