{"pt_dante-ud-test_acc": 0.8543206729543716, "pt_dante-ud-test_f1_macro": 0.7562988533951648, "pt_dante-ud-test_f1_weighted": 0.7562988533951648}