{"pt_porttinari-ud-test_acc": 0.9897758435674258, "pt_porttinari-ud-test_f1_macro": 0.964576383536487, "pt_porttinari-ud-test_f1_weighted": 0.964576383536487}