{"pt_petrogold-ud-test_acc": 0.9649429517850571, "pt_petrogold-ud-test_f1_macro": 0.8826188163070297, "pt_petrogold-ud-test_f1_weighted": 0.8826188163070297}