{"pt_porttinari-ud-test_acc": 0.9903720042923572, "pt_porttinari-ud-test_f1_macro": 0.9648439096052591, "pt_porttinari-ud-test_f1_weighted": 0.9648439096052591}