{"pt_dante-ud-test_acc": 0.9810094315574815, "pt_dante-ud-test_f1_macro": 0.9633088621327118, "pt_dante-ud-test_f1_weighted": 0.9633088621327118}