{"pt_porttinari-ud-test_acc": 0.9902229641111243, "pt_porttinari-ud-test_f1_macro": 0.9611075760140175, "pt_porttinari-ud-test_f1_weighted": 0.9611075760140175}