{"pt_petrogold-ud-test_acc": 0.9902465955097534, "pt_petrogold-ud-test_f1_macro": 0.9804644058363302, "pt_petrogold-ud-test_f1_weighted": 0.9804644058363302}