{"pt_dante-ud-test_acc": 0.850815702268672, "pt_dante-ud-test_f1_macro": 0.7117866467499091, "pt_dante-ud-test_f1_weighted": 0.7117866467499091}