{"pt_porttinari-ud-test_acc": 0.9689996423035651, "pt_porttinari-ud-test_f1_macro": 0.8576689843713496, "pt_porttinari-ud-test_f1_weighted": 0.8576689843713496}