{"pt_dante-ud-test_acc": 0.8481391791995921, "pt_dante-ud-test_f1_macro": 0.7018239127499662, "pt_dante-ud-test_f1_weighted": 0.7018239127499662}