{"pt_porttinari-ud-test_acc": 0.9695659949922499, "pt_porttinari-ud-test_f1_macro": 0.8618282166678881, "pt_porttinari-ud-test_f1_weighted": 0.8618282166678881}