{"pt_petrogold-ud-test_acc": 0.9894184762605815, "pt_petrogold-ud-test_f1_macro": 0.9785793514278762, "pt_petrogold-ud-test_f1_weighted": 0.9785793514278762}