{"pt_dante-ud-test_acc": 0.9803084374203416, "pt_dante-ud-test_f1_macro": 0.9623401094762031, "pt_dante-ud-test_f1_weighted": 0.9623401094762031}