{"pt_porttinari-ud-test_acc": 0.9895075712412066, "pt_porttinari-ud-test_f1_macro": 0.9601222995749156, "pt_porttinari-ud-test_f1_weighted": 0.9601222995749156}