{"pt_dante-ud-test_acc": 0.9797348967626817, "pt_dante-ud-test_f1_macro": 0.9006460128465397, "pt_dante-ud-test_f1_weighted": 0.9006460128465397}