{"pt_porttinari-ud-test_acc": 0.9779718612137832, "pt_porttinari-ud-test_f1_macro": 0.9080926751729649, "pt_porttinari-ud-test_f1_weighted": 0.9080926751729649}