{"pt_dante-ud-test_acc": 0.8680219219984706, "pt_dante-ud-test_f1_macro": 0.7606250319252416, "pt_dante-ud-test_f1_weighted": 0.7606250319252416}