{"pt_petrogold-ud-test_acc": 0.9647589252852411, "pt_petrogold-ud-test_f1_macro": 0.882454614628848, "pt_petrogold-ud-test_f1_weighted": 0.882454614628848}