{"pt_dante-ud-test_acc": 0.9806270711190416, "pt_dante-ud-test_f1_macro": 0.9628523275419428, "pt_dante-ud-test_f1_weighted": 0.9628523275419428}