{"pt_petrogold-ud-test_acc": 0.9896945160103054, "pt_petrogold-ud-test_f1_macro": 0.9651045481165209, "pt_petrogold-ud-test_f1_weighted": 0.9651045481165209}