{"pt_porttinari-ud-test_acc": 0.9789555264099201, "pt_porttinari-ud-test_f1_macro": 0.9201150528575309, "pt_porttinari-ud-test_f1_weighted": 0.9201150528575309}