{"pt_dante-ud-test_acc": 0.9792888095845017, "pt_dante-ud-test_f1_macro": 0.9024610858926988, "pt_dante-ud-test_f1_weighted": 0.9024610858926988}