{"pt_petrogold-ud-test_acc": 0.9486566065513434, "pt_petrogold-ud-test_f1_macro": 0.855703730995447, "pt_petrogold-ud-test_f1_weighted": 0.855703730995447}