{"pt_porttinari-ud-test_acc": 0.9629486109455109, "pt_porttinari-ud-test_f1_macro": 0.896695458954992, "pt_porttinari-ud-test_f1_weighted": 0.896695458954992}