{"pt_dante-ud-test_acc": 0.9801809839408616, "pt_dante-ud-test_f1_macro": 0.9614659484225484, "pt_dante-ud-test_f1_weighted": 0.9614659484225484}