{"pt_porttinari-ud-test_acc": 0.9781209013950161, "pt_porttinari-ud-test_f1_macro": 0.9146151757961241, "pt_porttinari-ud-test_f1_weighted": 0.9146151757961241}