{"pt_dante-ud-test_acc": 0.8580805505990313, "pt_dante-ud-test_f1_macro": 0.7494013586827899, "pt_dante-ud-test_f1_weighted": 0.7494013586827899}