{"pt_porttinari-ud-test_acc": 0.9906402766185763, "pt_porttinari-ud-test_f1_macro": 0.9631539693065985, "pt_porttinari-ud-test_f1_weighted": 0.9631539693065985}