{"pt_petrogold-ud-test_acc": 0.9607103422892896, "pt_petrogold-ud-test_f1_macro": 0.8778633098517828, "pt_petrogold-ud-test_f1_weighted": 0.8778633098517828}