{"pt_dante-ud-test_acc": 0.9783329084884017, "pt_dante-ud-test_f1_macro": 0.8991859413514993, "pt_dante-ud-test_f1_weighted": 0.8991859413514993}