{"pt_petrogold-ud-test_acc": 0.9632867132867133, "pt_petrogold-ud-test_f1_macro": 0.8839289528324912, "pt_petrogold-ud-test_f1_weighted": 0.8839289528324912}