{"pt_dante-ud-test_acc": 0.9778230945704818, "pt_dante-ud-test_f1_macro": 0.9010876435143902, "pt_dante-ud-test_f1_weighted": 0.9010876435143902}