{"pt_petrogold-ud-test_acc": 0.9668752300331248, "pt_petrogold-ud-test_f1_macro": 0.8889434966480173, "pt_petrogold-ud-test_f1_weighted": 0.8889434966480173}