{"pt_porttinari-ud-test_acc": 0.9900739239298915, "pt_porttinari-ud-test_f1_macro": 0.9611809471299482, "pt_porttinari-ud-test_f1_weighted": 0.9611809471299482}