{"pt_dante-ud-test_acc": 0.9780780015294418, "pt_dante-ud-test_f1_macro": 0.9591815434847704, "pt_dante-ud-test_f1_weighted": 0.9591815434847704}