{"pt_porttinari-ud-test_acc": 0.9780016692500298, "pt_porttinari-ud-test_f1_macro": 0.9137585604950358, "pt_porttinari-ud-test_f1_weighted": 0.9137585604950358}