{"pt_dante-ud-test_acc": 0.9802447106806016, "pt_dante-ud-test_f1_macro": 0.9637464909298693, "pt_dante-ud-test_f1_weighted": 0.9637464909298693}