{"pt_porttinari-ud-test_acc": 0.990729700727316, "pt_porttinari-ud-test_f1_macro": 0.9606783333556721, "pt_porttinari-ud-test_f1_weighted": 0.9606783333556721}