{"pt_petrogold-ud-test_acc": 0.9661391240338609, "pt_petrogold-ud-test_f1_macro": 0.8898892905458237, "pt_petrogold-ud-test_f1_weighted": 0.8898892905458237}