{"pt_porttinari-ud-test_acc": 0.9632764993442232, "pt_porttinari-ud-test_f1_macro": 0.8998621921835174, "pt_porttinari-ud-test_f1_weighted": 0.8998621921835174}