{"pt_petrogold-ud-test_acc": 0.9472764078027236, "pt_petrogold-ud-test_f1_macro": 0.8489211548159084, "pt_petrogold-ud-test_f1_weighted": 0.8489211548159084}