{"pt_dante-ud-test_acc": 0.8703160846291104, "pt_dante-ud-test_f1_macro": 0.7608958376120669, "pt_dante-ud-test_f1_weighted": 0.7608958376120669}