{"pt_petrogold-ud-test_acc": 0.9644828855355171, "pt_petrogold-ud-test_f1_macro": 0.8800288421868011, "pt_petrogold-ud-test_f1_weighted": 0.8800288421868011}