{"pt_porttinari-ud-test_acc": 0.9903720042923572, "pt_porttinari-ud-test_f1_macro": 0.9622602916612711, "pt_porttinari-ud-test_f1_weighted": 0.9622602916612711}