{"pt_dante-ud-test_acc": 0.9794162630639817, "pt_dante-ud-test_f1_macro": 0.9022118578687736, "pt_dante-ud-test_f1_weighted": 0.9022118578687736}