{"pt_porttinari-ud-test_acc": 0.9785978299749613, "pt_porttinari-ud-test_f1_macro": 0.9182236617595971, "pt_porttinari-ud-test_f1_weighted": 0.9182236617595971}