{"pt_petrogold-ud-test_acc": 0.9886823702613177, "pt_petrogold-ud-test_f1_macro": 0.9779881600150089, "pt_petrogold-ud-test_f1_weighted": 0.9779881600150089}