{"pt_dante-ud-test_acc": 0.8515804231455518, "pt_dante-ud-test_f1_macro": 0.73789014497974, "pt_dante-ud-test_f1_weighted": 0.73789014497974}