{"pt_porttinari-ud-test_acc": 0.989060450697508, "pt_porttinari-ud-test_f1_macro": 0.9563092659324994, "pt_porttinari-ud-test_f1_weighted": 0.9563092659324994}