{"pt_petrogold-ud-test_acc": 0.9870261317629738, "pt_petrogold-ud-test_f1_macro": 0.9756103686240503, "pt_petrogold-ud-test_f1_weighted": 0.9756103686240503}