{"pt_porttinari-ud-test_acc": 0.9904018123286038, "pt_porttinari-ud-test_f1_macro": 0.9580351291751579, "pt_porttinari-ud-test_f1_weighted": 0.9580351291751579}