{"pt_dante-ud-test_acc": 0.9804358908998215, "pt_dante-ud-test_f1_macro": 0.9638668163723819, "pt_dante-ud-test_f1_weighted": 0.9638668163723819}