{"pt_porttinari-ud-test_acc": 0.979313222844879, "pt_porttinari-ud-test_f1_macro": 0.9153772322617602, "pt_porttinari-ud-test_f1_weighted": 0.9153772322617602}