{"pt_petrogold-ud-test_acc": 0.9899705557600295, "pt_petrogold-ud-test_f1_macro": 0.9786739183010199, "pt_petrogold-ud-test_f1_weighted": 0.9786739183010199}