{"pt_dante-ud-test_acc": 0.9788427224063216, "pt_dante-ud-test_f1_macro": 0.9002618014601096, "pt_dante-ud-test_f1_weighted": 0.9002618014601096}