{"pt_porttinari-ud-test_acc": 0.9893585310599737, "pt_porttinari-ud-test_f1_macro": 0.9596661167957314, "pt_porttinari-ud-test_f1_weighted": 0.9596661167957314}