{"pt_dante-ud-test_acc": 0.8701249044098904, "pt_dante-ud-test_f1_macro": 0.7537315730863897, "pt_dante-ud-test_f1_weighted": 0.7537315730863897}