{"pt_petrogold-ud-test_acc": 0.9662311372837689, "pt_petrogold-ud-test_f1_macro": 0.8940352601862528, "pt_petrogold-ud-test_f1_weighted": 0.8940352601862528}