{"pt_porttinari-ud-test_acc": 0.990938356981042, "pt_porttinari-ud-test_f1_macro": 0.962734647914365, "pt_porttinari-ud-test_f1_weighted": 0.962734647914365}