{"pt_dante-ud-test_acc": 0.9799260769819016, "pt_dante-ud-test_f1_macro": 0.9648412203708041, "pt_dante-ud-test_f1_weighted": 0.9648412203708041}