{"pt_petrogold-ud-test_acc": 0.9690835480309165, "pt_petrogold-ud-test_f1_macro": 0.8888982456330196, "pt_petrogold-ud-test_f1_weighted": 0.8888982456330196}