{"pt_porttinari-ud-test_acc": 0.9905806605460832, "pt_porttinari-ud-test_f1_macro": 0.9685710366653425, "pt_porttinari-ud-test_f1_weighted": 0.9685710366653425}