{"pt_petrogold-ud-test_acc": 0.9646669120353331, "pt_petrogold-ud-test_f1_macro": 0.8805892542346847, "pt_petrogold-ud-test_f1_weighted": 0.8805892542346847}