{"pt_dante-ud-test_acc": 0.8735024216161101, "pt_dante-ud-test_f1_macro": 0.7620204802894622, "pt_dante-ud-test_f1_weighted": 0.7620204802894622}