{"pt_porttinari-ud-test_acc": 0.9910277810897818, "pt_porttinari-ud-test_f1_macro": 0.9698335635746824, "pt_porttinari-ud-test_f1_weighted": 0.9698335635746824}