{"pt_petrogold-ud-test_acc": 0.9664151637835848, "pt_petrogold-ud-test_f1_macro": 0.8883864781496893, "pt_petrogold-ud-test_f1_weighted": 0.8883864781496893}