{"pt_dante-ud-test_acc": 0.8472470048432322, "pt_dante-ud-test_f1_macro": 0.7485158287487104, "pt_dante-ud-test_f1_weighted": 0.7485158287487104}