{"pt_porttinari-ud-test_acc": 0.9895373792774532, "pt_porttinari-ud-test_f1_macro": 0.960686749757379, "pt_porttinari-ud-test_f1_weighted": 0.960686749757379}