{"pt_petrogold-ud-test_acc": 0.9889584100110416, "pt_petrogold-ud-test_f1_macro": 0.9773894924576048, "pt_petrogold-ud-test_f1_weighted": 0.9773894924576048}