{"pt_dante-ud-test_acc": 0.9801172572011216, "pt_dante-ud-test_f1_macro": 0.9610850603723001, "pt_dante-ud-test_f1_weighted": 0.9610850603723001}