{"pt_porttinari-ud-test_acc": 0.9780612853225229, "pt_porttinari-ud-test_f1_macro": 0.919513734302901, "pt_porttinari-ud-test_f1_weighted": 0.919513734302901}