{"pt_dante-ud-test_acc": 0.87407596227377, "pt_dante-ud-test_f1_macro": 0.7583187114664, "pt_dante-ud-test_f1_weighted": 0.7583187114664}