{"pt_petrogold-ud-test_acc": 0.9642068457857932, "pt_petrogold-ud-test_f1_macro": 0.8887079634572078, "pt_petrogold-ud-test_f1_weighted": 0.8887079634572078}