{"pt_porttinari-ud-test_acc": 0.9906104685823298, "pt_porttinari-ud-test_f1_macro": 0.9684830431953324, "pt_porttinari-ud-test_f1_weighted": 0.9684830431953324}