{"pt_dante-ud-test_acc": 0.9811368850369615, "pt_dante-ud-test_f1_macro": 0.9616916434691598, "pt_dante-ud-test_f1_weighted": 0.9616916434691598}