{"pt_petrogold-ud-test_acc": 0.9526131762973868, "pt_petrogold-ud-test_f1_macro": 0.8736806934784119, "pt_petrogold-ud-test_f1_weighted": 0.8736806934784119}