{"pt_porttinari-ud-test_acc": 0.9690592583760582, "pt_porttinari-ud-test_f1_macro": 0.9101769690575263, "pt_porttinari-ud-test_f1_weighted": 0.9101769690575263}