{"pt_porttinari-ud-test_acc": 0.9669428878025516, "pt_porttinari-ud-test_f1_macro": 0.9089918773237453, "pt_porttinari-ud-test_f1_weighted": 0.9089918773237453}