{"pt_petrogold-ud-test_acc": 0.9480125138019875, "pt_petrogold-ud-test_f1_macro": 0.8511430743909529, "pt_petrogold-ud-test_f1_weighted": 0.8511430743909529}