{"pt_porttinari-ud-test_acc": 0.9625611064743055, "pt_porttinari-ud-test_f1_macro": 0.8945330704911999, "pt_porttinari-ud-test_f1_weighted": 0.8945330704911999}