{"pt_petrogold-ud-test_acc": 0.9494847258005152, "pt_petrogold-ud-test_f1_macro": 0.8582273276357691, "pt_petrogold-ud-test_f1_weighted": 0.8582273276357691}