{"pt_dante-ud-test_acc": 0.9797986235024216, "pt_dante-ud-test_f1_macro": 0.9605599343044675, "pt_dante-ud-test_f1_weighted": 0.9605599343044675}