{"pt_petrogold-ud-test_acc": 0.9891424365108575, "pt_petrogold-ud-test_f1_macro": 0.9685839024917979, "pt_petrogold-ud-test_f1_weighted": 0.9685839024917979}