{"pt_porttinari-ud-test_acc": 0.9790151424824133, "pt_porttinari-ud-test_f1_macro": 0.9210870055833711, "pt_porttinari-ud-test_f1_weighted": 0.9210870055833711}