{"pt_dante-ud-test_acc": 0.8517078766250319, "pt_dante-ud-test_f1_macro": 0.7090773583478848, "pt_dante-ud-test_f1_weighted": 0.7090773583478848}