{"pt_porttinari-ud-test_acc": 0.9704006200071539, "pt_porttinari-ud-test_f1_macro": 0.8709372504542132, "pt_porttinari-ud-test_f1_weighted": 0.8709372504542132}