{"pt_petrogold-ud-test_acc": 0.9504048582995951, "pt_petrogold-ud-test_f1_macro": 0.8763871748752167, "pt_petrogold-ud-test_f1_weighted": 0.8763871748752167}