{"pt_porttinari-ud-test_acc": 0.9682544413974007, "pt_porttinari-ud-test_f1_macro": 0.9025766982574122, "pt_porttinari-ud-test_f1_weighted": 0.9025766982574122}