{"pt_dante-ud-test_acc": 0.9781417282691818, "pt_dante-ud-test_f1_macro": 0.9003285522400065, "pt_dante-ud-test_f1_weighted": 0.9003285522400065}