{"pt_porttinari-ud-test_acc": 0.9902825801836175, "pt_porttinari-ud-test_f1_macro": 0.9639724714418846, "pt_porttinari-ud-test_f1_weighted": 0.9639724714418846}