{"pt_dante-ud-test_acc": 0.8483940861585522, "pt_dante-ud-test_f1_macro": 0.7044835143616313, "pt_dante-ud-test_f1_weighted": 0.7044835143616313}