{"pt_porttinari-ud-test_acc": 0.9710862048408251, "pt_porttinari-ud-test_f1_macro": 0.8605525962335925, "pt_porttinari-ud-test_f1_weighted": 0.8605525962335925}