{"pt_petrogold-ud-test_acc": 0.9893264630106735, "pt_petrogold-ud-test_f1_macro": 0.9700156535294729, "pt_petrogold-ud-test_f1_weighted": 0.9700156535294729}