{"pt_dante-ud-test_acc": 0.8526637777211318, "pt_dante-ud-test_f1_macro": 0.7512445646524899, "pt_dante-ud-test_f1_weighted": 0.7512445646524899}