{"pt_petrogold-ud-test_acc": 0.9887743835112256, "pt_petrogold-ud-test_f1_macro": 0.9766661049720524, "pt_petrogold-ud-test_f1_weighted": 0.9766661049720524}