{"pt_dante-ud-test_acc": 0.9796711700229416, "pt_dante-ud-test_f1_macro": 0.9622849019727596, "pt_dante-ud-test_f1_weighted": 0.9622849019727596}