{"pt_porttinari-ud-test_acc": 0.9907595087635627, "pt_porttinari-ud-test_f1_macro": 0.9677967725140673, "pt_porttinari-ud-test_f1_weighted": 0.9677967725140673}