{"pt_petrogold-ud-test_acc": 0.9666912035333088, "pt_petrogold-ud-test_f1_macro": 0.888770877363424, "pt_petrogold-ud-test_f1_weighted": 0.888770877363424}