{"pt_porttinari-ud-test_acc": 0.9650947895552641, "pt_porttinari-ud-test_f1_macro": 0.903581397578399, "pt_porttinari-ud-test_f1_weighted": 0.903581397578399}