{"pt_petrogold-ud-test_acc": 0.9495767390504233, "pt_petrogold-ud-test_f1_macro": 0.8710011300710644, "pt_petrogold-ud-test_f1_weighted": 0.8710011300710644}