{"pt_dante-ud-test_acc": 0.8559138414478715, "pt_dante-ud-test_f1_macro": 0.7168042170172709, "pt_dante-ud-test_f1_weighted": 0.7168042170172709}