{"pt_petrogold-ud-test_acc": 0.9882223040117777, "pt_petrogold-ud-test_f1_macro": 0.9766811920203422, "pt_petrogold-ud-test_f1_weighted": 0.9766811920203422}