{"pt_porttinari-ud-test_acc": 0.9877488971026589, "pt_porttinari-ud-test_f1_macro": 0.9370803745605647, "pt_porttinari-ud-test_f1_weighted": 0.9370803745605647}