{"pt_dante-ud-test_acc": 0.8575070099413714, "pt_dante-ud-test_f1_macro": 0.7094118719176982, "pt_dante-ud-test_f1_weighted": 0.7094118719176982}