{"pt_petrogold-ud-test_acc": 0.9895104895104895, "pt_petrogold-ud-test_f1_macro": 0.9744330244440824, "pt_petrogold-ud-test_f1_weighted": 0.9744330244440824}