{"pt_porttinari-ud-test_acc": 0.9686717539048527, "pt_porttinari-ud-test_f1_macro": 0.8602808145602501, "pt_porttinari-ud-test_f1_weighted": 0.8602808145602501}