{"pt_dante-ud-test_acc": 0.9790339026255417, "pt_dante-ud-test_f1_macro": 0.9572523791343566, "pt_dante-ud-test_f1_weighted": 0.9572523791343566}