{"pt_porttinari-ud-test_acc": 0.964677477047812, "pt_porttinari-ud-test_f1_macro": 0.8929760475342308, "pt_porttinari-ud-test_f1_weighted": 0.8929760475342308}