{"pt_petrogold-ud-test_acc": 0.9487486198012514, "pt_petrogold-ud-test_f1_macro": 0.8656200530133691, "pt_petrogold-ud-test_f1_weighted": 0.8656200530133691}