{"pt_dante-ud-test_acc": 0.9795437165434616, "pt_dante-ud-test_f1_macro": 0.9631888649820439, "pt_dante-ud-test_f1_weighted": 0.9631888649820439}