{"pt_dante-ud-test_acc": 0.9770583736936018, "pt_dante-ud-test_f1_macro": 0.9577249309888702, "pt_dante-ud-test_f1_weighted": 0.9577249309888702}