{"pt_porttinari-ud-test_acc": 0.9901633480386313, "pt_porttinari-ud-test_f1_macro": 0.9626719286627221, "pt_porttinari-ud-test_f1_weighted": 0.9626719286627221}