{"pt_petrogold-ud-test_acc": 0.9883143172616857, "pt_petrogold-ud-test_f1_macro": 0.9645144946401162, "pt_petrogold-ud-test_f1_weighted": 0.9645144946401162}