{"pt_dante-ud-test_acc": 0.8467371909253123, "pt_dante-ud-test_f1_macro": 0.702131217797169, "pt_dante-ud-test_f1_weighted": 0.702131217797169}