{"pt_porttinari-ud-test_acc": 0.9687313699773459, "pt_porttinari-ud-test_f1_macro": 0.8590724485440808, "pt_porttinari-ud-test_f1_weighted": 0.8590724485440808}