{"pt_petrogold-ud-test_acc": 0.9903386087596614, "pt_petrogold-ud-test_f1_macro": 0.9802978709352119, "pt_petrogold-ud-test_f1_weighted": 0.9802978709352119}